"At Least","But Less Than",S,MJ,MS,HoH
0,5,0,0,0,0
5,15,1,1,1,1
15,25,2,2,2,2
25,50,4,4,4,4
50,75,6,6,6,6
75,100,9,9,9,9
100,125,11,11,11,11
125,150,14,14,14,14
150,175,16,16,16,16
175,200,19,19,19,19
200,225,21,21,21,21
225,250,24,24,24,24
250,275,26,26,26,26
275,300,29,29,29,29
300,325,31,31,31,31
325,350,34,34,34,34
350,375,36,36,36,36
375,400,39,39,39,39
400,425,41,41,41,41
425,450,44,44,44,44
450,475,46,46,46,46
475,500,49,49,49,49
500,525,51,51,51,51
525,550,54,54,54,54
550,575,56,56,56,56
575,600,59,59,59,59
600,625,61,61,61,61
625,650,64,64,64,64
650,675,66,66,66,66
675,700,69,69,69,69
700,725,71,71,71,71
725,750,74,74,74,74
750,775,76,76,76,76
775,800,79,79,79,79
800,825,81,81,81,81
825,850,84,84,84,84
850,875,86,86,86,86
875,900,89,89,89,89
900,925,91,91,91,91
925,950,94,94,94,94
950,975,96,96,96,96
975,1000,99,99,99,99
1000,1025,101,101,101,101
1025,1050,104,104,104,104
1050,1075,106,106,106,106
1075,1100,109,109,109,109
1100,1125,111,111,111,111
1125,1150,114,114,114,114
1150,1175,116,116,116,116
1175,1200,119,119,119,119
1200,1225,121,121,121,121
1225,1250,124,124,124,124
1250,1275,126,126,126,126
1275,1300,129,129,129,129
1300,1325,131,131,131,131
1325,1350,134,134,134,134
1350,1375,136,136,136,136
1375,1400,139,139,139,139
1400,1425,141,141,141,141
1425,1450,144,144,144,144
1450,1475,146,146,146,146
1475,1500,149,149,149,149
1500,1525,151,151,151,151
1525,1550,154,154,154,154
1550,1575,156,156,156,156
1575,1600,159,159,159,159
1600,1625,161,161,161,161
1625,1650,164,164,164,164
1650,1675,166,166,166,166
1675,1700,169,169,169,169
1700,1725,171,171,171,171
1725,1750,174,174,174,174
1750,1775,176,176,176,176
1775,1800,179,179,179,179
1800,1825,181,181,181,181
1825,1850,184,184,184,184
1850,1875,186,186,186,186
1875,1900,189,189,189,189
1900,1925,191,191,191,191
1925,1950,194,194,194,194
1950,1975,196,196,196,196
1975,2000,199,199,199,199
2000,2025,201,201,201,201
2025,2050,204,204,204,204
2050,2075,206,206,206,206
2075,2100,209,209,209,209
2100,2125,211,211,211,211
2125,2150,214,214,214,214
2150,2175,216,216,216,216
2175,2200,219,219,219,219
2200,2225,221,221,221,221
2225,2250,224,224,224,224
2250,2275,226,226,226,226
2275,2300,229,229,229,229
2300,2325,231,231,231,231
2325,2350,234,234,234,234
2350,2375,236,236,236,236
2375,2400,239,239,239,239
2400,2425,241,241,241,241
2425,2450,244,244,244,244
2450,2475,246,246,246,246
2475,2500,249,249,249,249
2500,2525,251,251,251,251
2525,2550,254,254,254,254
2550,2575,256,256,256,256
2575,2600,259,259,259,259
2600,2625,261,261,261,261
2625,2650,264,264,264,264
2650,2675,266,266,266,266
2675,2700,269,269,269,269
2700,2725,271,271,271,271
2725,2750,274,274,274,274
2750,2775,276,276,276,276
2775,2800,279,279,279,279
2800,2825,281,281,281,281
2825,2850,284,284,284,284
2850,2875,286,286,286,286
2875,2900,289,289,289,289
2900,2925,291,291,291,291
2925,2950,294,294,294,294
2950,2975,296,296,296,296
2975,3000,299,299,299,299
3000,3050,303,303,303,303
3050,3100,308,308,308,308
3100,3150,313,313,313,313
3150,3200,318,318,318,318
3200,3250,323,323,323,323
3250,3300,328,328,328,328
3300,3350,333,333,333,333
3350,3400,338,338,338,338
3400,3450,343,343,343,343
3450,3500,348,348,348,348
3500,3550,353,353,353,353
3550,3600,358,358,358,358
3600,3650,363,363,363,363
3650,3700,368,368,368,368
3700,3750,373,373,373,373
3750,3800,378,378,378,378
3800,3850,383,383,383,383
3850,3900,388,388,388,388
3900,3950,393,393,393,393
3950,4000,398,398,398,398
4000,4050,403,403,403,403
4050,4100,408,408,408,408
4100,4150,413,413,413,413
4150,4200,418,418,418,418
4200,4250,423,423,423,423
4250,4300,428,428,428,428
4300,4350,433,433,433,433
4350,4400,438,438,438,438
4400,4450,443,443,443,443
4450,4500,448,448,448,448
4500,4550,453,453,453,453
4550,4600,458,458,458,458
4600,4650,463,463,463,463
4650,4700,468,468,468,468
4700,4750,473,473,473,473
4750,4800,478,478,478,478
4800,4850,483,483,483,483
4850,4900,488,488,488,488
4900,4950,493,493,493,493
4950,5000,498,498,498,498
5000,5050,503,503,503,503
5050,5100,508,508,508,508
5100,5150,513,513,513,513
5150,5200,518,518,518,518
5200,5250,523,523,523,523
5250,5300,528,528,528,528
5300,5350,533,533,533,533
5350,5400,538,538,538,538
5400,5450,543,543,543,543
5450,5500,548,548,548,548
5500,5550,553,553,553,553
5550,5600,558,558,558,558
5600,5650,563,563,563,563
5650,5700,568,568,568,568
5700,5750,573,573,573,573
5750,5800,578,578,578,578
5800,5850,583,583,583,583
5850,5900,588,588,588,588
5900,5950,593,593,593,593
5950,6000,598,598,598,598
6000,6050,603,603,603,603
6050,6100,608,608,608,608
6100,6150,613,613,613,613
6150,6200,618,618,618,618
6200,6250,623,623,623,623
6250,6300,628,628,628,628
6300,6350,633,633,633,633
6350,6400,638,638,638,638
6400,6450,643,643,643,643
6450,6500,648,648,648,648
6500,6550,653,653,653,653
6550,6600,658,658,658,658
6600,6650,663,663,663,663
6650,6700,668,668,668,668
6700,6750,673,673,673,673
6750,6800,678,678,678,678
6800,6850,683,683,683,683
6850,6900,688,688,688,688
6900,6950,693,693,693,693
6950,7000,698,698,698,698
7000,7050,703,703,703,703
7050,7100,708,708,708,708
7100,7150,713,713,713,713
7150,7200,718,718,718,718
7200,7250,723,723,723,723
7250,7300,728,728,728,728
7300,7350,733,733,733,733
7350,7400,738,738,738,738
7400,7450,743,743,743,743
7450,7500,748,748,748,748
7500,7550,753,753,753,753
7550,7600,758,758,758,758
7600,7650,763,763,763,763
7650,7700,768,768,768,768
7700,7750,773,773,773,773
7750,7800,778,778,778,778
7800,7850,783,783,783,783
7850,7900,788,788,788,788
7900,7950,793,793,793,793
7950,8000,798,798,798,798
8000,8050,803,803,803,803
8050,8100,808,808,808,808
8100,8150,813,813,813,813
8150,8200,818,818,818,818
8200,8250,823,823,823,823
8250,8300,828,828,828,828
8300,8350,833,833,833,833
8350,8400,838,838,838,838
8400,8450,843,843,843,843
8450,8500,848,848,848,848
8500,8550,853,853,853,853
8550,8600,858,858,858,858
8600,8650,863,863,863,863
8650,8700,868,868,868,868
8700,8750,874,873,874,873
8750,8800,881,878,881,878
8800,8850,889,883,889,883
8850,8900,896,888,896,888
8900,8950,904,893,904,893
8950,9000,911,898,911,898
9000,9050,919,903,919,903
9050,9100,926,908,926,908
9100,9150,934,913,934,913
9150,9200,941,918,941,918
9200,9250,949,923,949,923
9250,9300,956,928,956,928
9300,9350,964,933,964,933
9350,9400,971,938,971,938
9400,9450,979,943,979,943
9450,9500,986,948,986,948
9500,9550,994,953,994,953
9550,9600,1001,958,1001,958
9600,9650,1009,963,1009,963
9650,9700,1016,968,1016,968
9700,9750,1024,973,1024,973
9750,9800,1031,978,1031,978
9800,9850,1039,983,1039,983
9850,9900,1046,988,1046,988
9900,9950,1054,993,1054,993
9950,10000,1061,998,1061,998
10000,10050,1069,1003,1069,1003
10050,10100,1076,1008,1076,1008
10100,10150,1084,1013,1084,1013
10150,10200,1091,1018,1091,1018
10200,10250,1099,1023,1099,1023
10250,10300,1106,1028,1106,1028
10300,10350,1114,1033,1114,1033
10350,10400,1121,1038,1121,1038
10400,10450,1129,1043,1129,1043
10450,10500,1136,1048,1136,1048
10500,10550,1144,1053,1144,1053
10550,10600,1151,1058,1151,1058
10600,10650,1159,1063,1159,1063
10650,10700,1166,1068,1166,1068
10700,10750,1174,1073,1174,1073
10750,10800,1181,1078,1181,1078
10800,10850,1189,1083,1189,1083
10850,10900,1196,1088,1196,1088
10900,10950,1204,1093,1204,1093
10950,11000,1211,1098,1211,1098
11000,11050,1219,1103,1219,1103
11050,11100,1226,1108,1226,1108
11100,11150,1234,1113,1234,1113
11150,11200,1241,1118,1241,1118
11200,11250,1249,1123,1249,1123
11250,11300,1256,1128,1256,1128
11300,11350,1264,1133,1264,1133
11350,11400,1271,1138,1271,1138
11400,11450,1279,1143,1279,1143
11450,11500,1286,1148,1286,1148
11500,11550,1294,1153,1294,1153
11550,11600,1301,1158,1301,1158
11600,11650,1309,1163,1309,1163
11650,11700,1316,1168,1316,1168
11700,11750,1324,1173,1324,1173
11750,11800,1331,1178,1331,1178
11800,11850,1339,1183,1339,1183
11850,11900,1346,1188,1346,1188
11900,11950,1354,1193,1354,1193
11950,12000,1361,1198,1361,1198
12000,12050,1369,1203,1369,1203
12050,12100,1376,1208,1376,1208
12100,12150,1384,1213,1384,1213
12150,12200,1391,1218,1391,1218
12200,12250,1399,1223,1399,1223
12250,12300,1406,1228,1406,1228
12300,12350,1414,1233,1414,1233
12350,12400,1421,1238,1421,1238
12400,12450,1429,1243,1429,1244
12450,12500,1436,1248,1436,1251
12500,12550,1444,1253,1444,1259
12550,12600,1451,1258,1451,1266
12600,12650,1459,1263,1459,1274
12650,12700,1466,1268,1466,1281
12700,12750,1474,1273,1474,1289
12750,12800,1481,1278,1481,1296
12800,12850,1489,1283,1489,1304
12850,12900,1496,1288,1496,1311
12900,12950,1504,1293,1504,1319
12950,13000,1511,1298,1511,1326
13000,13050,1519,1303,1519,1334
13050,13100,1526,1308,1526,1341
13100,13150,1534,1313,1534,1349
13150,13200,1541,1318,1541,1356
13200,13250,1549,1323,1549,1364
13250,13300,1556,1328,1556,1371
13300,13350,1564,1333,1564,1379
13350,13400,1571,1338,1571,1386
13400,13450,1579,1343,1579,1394
13450,13500,1586,1348,1586,1401
13500,13550,1594,1353,1594,1409
13550,13600,1601,1358,1601,1416
13600,13650,1609,1363,1609,1424
13650,13700,1616,1368,1616,1431
13700,13750,1624,1373,1624,1439
13750,13800,1631,1378,1631,1446
13800,13850,1639,1383,1639,1454
13850,13900,1646,1388,1646,1461
13900,13950,1654,1393,1654,1469
13950,14000,1661,1398,1661,1476
14000,14050,1669,1403,1669,1484
14050,14100,1676,1408,1676,1491
14100,14150,1684,1413,1684,1499
14150,14200,1691,1418,1691,1506
14200,14250,1699,1423,1699,1514
14250,14300,1706,1428,1706,1521
14300,14350,1714,1433,1714,1529
14350,14400,1721,1438,1721,1536
14400,14450,1729,1443,1729,1544
14450,14500,1736,1448,1736,1551
14500,14550,1744,1453,1744,1559
14550,14600,1751,1458,1751,1566
14600,14650,1759,1463,1759,1574
14650,14700,1766,1468,1766,1581
14700,14750,1774,1473,1774,1589
14750,14800,1781,1478,1781,1596
14800,14850,1789,1483,1789,1604
14850,14900,1796,1488,1796,1611
14900,14950,1804,1493,1804,1619
14950,15000,1811,1498,1811,1626
15000,15050,1819,1503,1819,1634
15050,15100,1826,1508,1826,1641
15100,15150,1834,1513,1834,1649
15150,15200,1841,1518,1841,1656
15200,15250,1849,1523,1849,1664
15250,15300,1856,1528,1856,1671
15300,15350,1864,1533,1864,1679
15350,15400,1871,1538,1871,1686
15400,15450,1879,1543,1879,1694
15450,15500,1886,1548,1886,1701
15500,15550,1894,1553,1894,1709
15550,15600,1901,1558,1901,1716
15600,15650,1909,1563,1909,1724
15650,15700,1916,1568,1916,1731
15700,15750,1924,1573,1924,1739
15750,15800,1931,1578,1931,1746
15800,15850,1939,1583,1939,1754
15850,15900,1946,1588,1946,1761
15900,15950,1954,1593,1954,1769
15950,16000,1961,1598,1961,1776
16000,16050,1969,1603,1969,1784
16050,16100,1976,1608,1976,1791
16100,16150,1984,1613,1984,1799
16150,16200,1991,1618,1991,1806
16200,16250,1999,1623,1999,1814
16250,16300,2006,1628,2006,1821
16300,16350,2014,1633,2014,1829
16350,16400,2021,1638,2021,1836
16400,16450,2029,1643,2029,1844
16450,16500,2036,1648,2036,1851
16500,16550,2044,1653,2044,1859
16550,16600,2051,1658,2051,1866
16600,16650,2059,1663,2059,1874
16650,16700,2066,1668,2066,1881
16700,16750,2074,1673,2074,1889
16750,16800,2081,1678,2081,1896
16800,16850,2089,1683,2089,1904
16850,16900,2096,1688,2096,1911
16900,16950,2104,1693,2104,1919
16950,17000,2111,1698,2111,1926
17000,17050,2119,1703,2119,1934
17050,17100,2126,1708,2126,1941
17100,17150,2134,1713,2134,1949
17150,17200,2141,1718,2141,1956
17200,17250,2149,1723,2149,1964
17250,17300,2156,1728,2156,1971
17300,17350,2164,1733,2164,1979
17350,17400,2171,1738,2171,1986
17400,17450,2179,1744,2179,1994
17450,17500,2186,1751,2186,2001
17500,17550,2194,1759,2194,2009
17550,17600,2201,1766,2201,2016
17600,17650,2209,1774,2209,2024
17650,17700,2216,1781,2216,2031
17700,17750,2224,1789,2224,2039
17750,17800,2231,1796,2231,2046
17800,17850,2239,1804,2239,2054
17850,17900,2246,1811,2246,2061
17900,17950,2254,1819,2254,2069
17950,18000,2261,1826,2261,2076
18000,18050,2269,1834,2269,2084
18050,18100,2276,1841,2276,2091
18100,18150,2284,1849,2284,2099
18150,18200,2291,1856,2291,2106
18200,18250,2299,1864,2299,2114
18250,18300,2306,1871,2306,2121
18300,18350,2314,1879,2314,2129
18350,18400,2321,1886,2321,2136
18400,18450,2329,1894,2329,2144
18450,18500,2336,1901,2336,2151
18500,18550,2344,1909,2344,2159
18550,18600,2351,1916,2351,2166
18600,18650,2359,1924,2359,2174
18650,18700,2366,1931,2366,2181
18700,18750,2374,1939,2374,2189
18750,18800,2381,1946,2381,2196
18800,18850,2389,1954,2389,2204
18850,18900,2396,1961,2396,2211
18900,18950,2404,1969,2404,2219
18950,19000,2411,1976,2411,2226
19000,19050,2419,1984,2419,2234
19050,19100,2426,1991,2426,2241
19100,19150,2434,1999,2434,2249
19150,19200,2441,2006,2441,2256
19200,19250,2449,2014,2449,2264
19250,19300,2456,2021,2456,2271
19300,19350,2464,2029,2464,2279
19350,19400,2471,2036,2471,2286
19400,19450,2479,2044,2479,2294
19450,19500,2486,2051,2486,2301
19500,19550,2494,2059,2494,2309
19550,19600,2501,2066,2501,2316
19600,19650,2509,2074,2509,2324
19650,19700,2516,2081,2516,2331
19700,19750,2524,2089,2524,2339
19750,19800,2531,2096,2531,2346
19800,19850,2539,2104,2539,2354
19850,19900,2546,2111,2546,2361
19900,19950,2554,2119,2554,2369
19950,20000,2561,2126,2561,2376
20000,20050,2569,2134,2569,2384
20050,20100,2576,2141,2576,2391
20100,20150,2584,2149,2584,2399
20150,20200,2591,2156,2591,2406
20200,20250,2599,2164,2599,2414
20250,20300,2606,2171,2606,2421
20300,20350,2614,2179,2614,2429
20350,20400,2621,2186,2621,2436
20400,20450,2629,2194,2629,2444
20450,20500,2636,2201,2636,2451
20500,20550,2644,2209,2644,2459
20550,20600,2651,2216,2651,2466
20600,20650,2659,2224,2659,2474
20650,20700,2666,2231,2666,2481
20700,20750,2674,2239,2674,2489
20750,20800,2681,2246,2681,2496
20800,20850,2689,2254,2689,2504
20850,20900,2696,2261,2696,2511
20900,20950,2704,2269,2704,2519
20950,21000,2711,2276,2711,2526
21000,21050,2719,2284,2719,2534
21050,21100,2726,2291,2726,2541
21100,21150,2734,2299,2734,2549
21150,21200,2741,2306,2741,2556
21200,21250,2749,2314,2749,2564
21250,21300,2756,2321,2756,2571
21300,21350,2764,2329,2764,2579
21350,21400,2771,2336,2771,2586
21400,21450,2779,2344,2779,2594
21450,21500,2786,2351,2786,2601
21500,21550,2794,2359,2794,2609
21550,21600,2801,2366,2801,2616
21600,21650,2809,2374,2809,2624
21650,21700,2816,2381,2816,2631
21700,21750,2824,2389,2824,2639
21750,21800,2831,2396,2831,2646
21800,21850,2839,2404,2839,2654
21850,21900,2846,2411,2846,2661
21900,21950,2854,2419,2854,2669
21950,22000,2861,2426,2861,2676
22000,22050,2869,2434,2869,2684
22050,22100,2876,2441,2876,2691
22100,22150,2884,2449,2884,2699
22150,22200,2891,2456,2891,2706
22200,22250,2899,2464,2899,2714
22250,22300,2906,2471,2906,2721
22300,22350,2914,2479,2914,2729
22350,22400,2921,2486,2921,2736
22400,22450,2929,2494,2929,2744
22450,22500,2936,2501,2936,2751
22500,22550,2944,2509,2944,2759
22550,22600,2951,2516,2951,2766
22600,22650,2959,2524,2959,2774
22650,22700,2966,2531,2966,2781
22700,22750,2974,2539,2974,2789
22750,22800,2981,2546,2981,2796
22800,22850,2989,2554,2989,2804
22850,22900,2996,2561,2996,2811
22900,22950,3004,2569,3004,2819
22950,23000,3011,2576,3011,2826
23000,23050,3019,2584,3019,2834
23050,23100,3026,2591,3026,2841
23100,23150,3034,2599,3034,2849
23150,23200,3041,2606,3041,2856
23200,23250,3049,2614,3049,2864
23250,23300,3056,2621,3056,2871
23300,23350,3064,2629,3064,2879
23350,23400,3071,2636,3071,2886
23400,23450,3079,2644,3079,2894
23450,23500,3086,2651,3086,2901
23500,23550,3094,2659,3094,2909
23550,23600,3101,2666,3101,2916
23600,23650,3109,2674,3109,2924
23650,23700,3116,2681,3116,2931
23700,23750,3124,2689,3124,2939
23750,23800,3131,2696,3131,2946
23800,23850,3139,2704,3139,2954
23850,23900,3146,2711,3146,2961
23900,23950,3154,2719,3154,2969
23950,24000,3161,2726,3161,2976
24000,24050,3169,2734,3169,2984
24050,24100,3176,2741,3176,2991
24100,24150,3184,2749,3184,2999
24150,24200,3191,2756,3191,3006
24200,24250,3199,2764,3199,3014
24250,24300,3206,2771,3206,3021
24300,24350,3214,2779,3214,3029
24350,24400,3221,2786,3221,3036
24400,24450,3229,2794,3229,3044
24450,24500,3236,2801,3236,3051
24500,24550,3244,2809,3244,3059
24550,24600,3251,2816,3251,3066
24600,24650,3259,2824,3259,3074
24650,24700,3266,2831,3266,3081
24700,24750,3274,2839,3274,3089
24750,24800,3281,2846,3281,3096
24800,24850,3289,2854,3289,3104
24850,24900,3296,2861,3296,3111
24900,24950,3304,2869,3304,3119
24950,25000,3311,2876,3311,3126
25000,25050,3319,2884,3319,3134
25050,25100,3326,2891,3326,3141
25100,25150,3334,2899,3334,3149
25150,25200,3341,2906,3341,3156
25200,25250,3349,2914,3349,3164
25250,25300,3356,2921,3356,3171
25300,25350,3364,2929,3364,3179
25350,25400,3371,2936,3371,3186
25400,25450,3379,2944,3379,3194
25450,25500,3386,2951,3386,3201
25500,25550,3394,2959,3394,3209
25550,25600,3401,2966,3401,3216
25600,25650,3409,2974,3409,3224
25650,25700,3416,2981,3416,3231
25700,25750,3424,2989,3424,3239
25750,25800,3431,2996,3431,3246
25800,25850,3439,3004,3439,3254
25850,25900,3446,3011,3446,3261
25900,25950,3454,3019,3454,3269
25950,26000,3461,3026,3461,3276
26000,26050,3469,3034,3469,3284
26050,26100,3476,3041,3476,3291
26100,26150,3484,3049,3484,3299
26150,26200,3491,3056,3491,3306
26200,26250,3499,3064,3499,3314
26250,26300,3506,3071,3506,3321
26300,26350,3514,3079,3514,3329
26350,26400,3521,3086,3521,3336
26400,26450,3529,3094,3529,3344
26450,26500,3536,3101,3536,3351
26500,26550,3544,3109,3544,3359
26550,26600,3551,3116,3551,3366
26600,26650,3559,3124,3559,3374
26650,26700,3566,3131,3566,3381
26700,26750,3574,3139,3574,3389
26750,26800,3581,3146,3581,3396
26800,26850,3589,3154,3589,3404
26850,26900,3596,3161,3596,3411
26900,26950,3604,3169,3604,3419
26950,27000,3611,3176,3611,3426
27000,27050,3619,3184,3619,3434
27050,27100,3626,3191,3626,3441
27100,27150,3634,3199,3634,3449
27150,27200,3641,3206,3641,3456
27200,27250,3649,3214,3649,3464
27250,27300,3656,3221,3656,3471
27300,27350,3664,3229,3664,3479
27350,27400,3671,3236,3671,3486
27400,27450,3679,3244,3679,3494
27450,27500,3686,3251,3686,3501
27500,27550,3694,3259,3694,3509
27550,27600,3701,3266,3701,3516
27600,27650,3709,3274,3709,3524
27650,27700,3716,3281,3716,3531
27700,27750,3724,3289,3724,3539
27750,27800,3731,3296,3731,3546
27800,27850,3739,3304,3739,3554
27850,27900,3746,3311,3746,3561
27900,27950,3754,3319,3754,3569
27950,28000,3761,3326,3761,3576
28000,28050,3769,3334,3769,3584
28050,28100,3776,3341,3776,3591
28100,28150,3784,3349,3784,3599
28150,28200,3791,3356,3791,3606
28200,28250,3799,3364,3799,3614
28250,28300,3806,3371,3806,3621
28300,28350,3814,3379,3814,3629
28350,28400,3821,3386,3821,3636
28400,28450,3829,3394,3829,3644
28450,28500,3836,3401,3836,3651
28500,28550,3844,3409,3844,3659
28550,28600,3851,3416,3851,3666
28600,28650,3859,3424,3859,3674
28650,28700,3866,3431,3866,3681
28700,28750,3874,3439,3874,3689
28750,28800,3881,3446,3881,3696
28800,28850,3889,3454,3889,3704
28850,28900,3896,3461,3896,3711
28900,28950,3904,3469,3904,3719
28950,29000,3911,3476,3911,3726
29000,29050,3919,3484,3919,3734
29050,29100,3926,3491,3926,3741
29100,29150,3934,3499,3934,3749
29150,29200,3941,3506,3941,3756
29200,29250,3949,3514,3949,3764
29250,29300,3956,3521,3956,3771
29300,29350,3964,3529,3964,3779
29350,29400,3971,3536,3971,3786
29400,29450,3979,3544,3979,3794
29450,29500,3986,3551,3986,3801
29500,29550,3994,3559,3994,3809
29550,29600,4001,3566,4001,3816
29600,29650,4009,3574,4009,3824
29650,29700,4016,3581,4016,3831
29700,29750,4024,3589,4024,3839
29750,29800,4031,3596,4031,3846
29800,29850,4039,3604,4039,3854
29850,29900,4046,3611,4046,3861
29900,29950,4054,3619,4054,3869
29950,30000,4061,3626,4061,3876
30000,30050,4069,3634,4069,3884
30050,30100,4076,3641,4076,3891
30100,30150,4084,3649,4084,3899
30150,30200,4091,3656,4091,3906
30200,30250,4099,3664,4099,3914
30250,30300,4106,3671,4106,3921
30300,30350,4114,3679,4114,3929
30350,30400,4121,3686,4121,3936
30400,30450,4129,3694,4129,3944
30450,30500,4136,3701,4136,3951
30500,30550,4144,3709,4144,3959
30550,30600,4151,3716,4151,3966
30600,30650,4159,3724,4159,3974
30650,30700,4166,3731,4166,3981
30700,30750,4174,3739,4174,3989
30750,30800,4181,3746,4181,3996
30800,30850,4189,3754,4189,4004
30850,30900,4196,3761,4196,4011
30900,30950,4204,3769,4204,4019
30950,31000,4211,3776,4211,4026
31000,31050,4219,3784,4219,4034
31050,31100,4226,3791,4226,4041
31100,31150,4234,3799,4234,4049
31150,31200,4241,3806,4241,4056
31200,31250,4249,3814,4249,4064
31250,31300,4256,3821,4256,4071
31300,31350,4264,3829,4264,4079
31350,31400,4271,3836,4271,4086
31400,31450,4279,3844,4279,4094
31450,31500,4286,3851,4286,4101
31500,31550,4294,3859,4294,4109
31550,31600,4301,3866,4301,4116
31600,31650,4309,3874,4309,4124
31650,31700,4316,3881,4316,4131
31700,31750,4324,3889,4324,4139
31750,31800,4331,3896,4331,4146
31800,31850,4339,3904,4339,4154
31850,31900,4346,3911,4346,4161
31900,31950,4354,3919,4354,4169
31950,32000,4361,3926,4361,4176
32000,32050,4369,3934,4369,4184
32050,32100,4376,3941,4376,4191
32100,32150,4384,3949,4384,4199
32150,32200,4391,3956,4391,4206
32200,32250,4399,3964,4399,4214
32250,32300,4406,3971,4406,4221
32300,32350,4414,3979,4414,4229
32350,32400,4421,3986,4421,4236
32400,32450,4429,3994,4429,4244
32450,32500,4436,4001,4436,4251
32500,32550,4444,4009,4444,4259
32550,32600,4451,4016,4451,4266
32600,32650,4459,4024,4459,4274
32650,32700,4466,4031,4466,4281
32700,32750,4474,4039,4474,4289
32750,32800,4481,4046,4481,4296
32800,32850,4489,4054,4489,4304
32850,32900,4496,4061,4496,4311
32900,32950,4504,4069,4504,4319
32950,33000,4511,4076,4511,4326
33000,33050,4519,4084,4519,4334
33050,33100,4526,4091,4526,4341
33100,33150,4534,4099,4534,4349
33150,33200,4541,4106,4541,4356
33200,33250,4549,4114,4549,4364
33250,33300,4556,4121,4556,4371
33300,33350,4564,4129,4564,4379
33350,33400,4571,4136,4571,4386
33400,33450,4579,4144,4579,4394
33450,33500,4586,4151,4586,4401
33500,33550,4594,4159,4594,4409
33550,33600,4601,4166,4601,4416
33600,33650,4609,4174,4609,4424
33650,33700,4616,4181,4616,4431
33700,33750,4624,4189,4624,4439
33750,33800,4631,4196,4631,4446
33800,33850,4639,4204,4639,4454
33850,33900,4646,4211,4646,4461
33900,33950,4654,4219,4654,4469
33950,34000,4661,4226,4661,4476
34000,34050,4669,4234,4669,4484
34050,34100,4676,4241,4676,4491
34100,34150,4684,4249,4684,4499
34150,34200,4691,4256,4691,4506
34200,34250,4699,4264,4699,4514
34250,34300,4706,4271,4706,4521
34300,34350,4714,4279,4714,4529
34350,34400,4721,4286,4721,4536
34400,34450,4729,4294,4729,4544
34450,34500,4736,4301,4736,4551
34500,34550,4744,4309,4744,4559
34550,34600,4751,4316,4751,4566
34600,34650,4759,4324,4759,4574
34650,34700,4766,4331,4766,4581
34700,34750,4774,4339,4774,4589
34750,34800,4781,4346,4781,4596
34800,34850,4789,4354,4789,4604
34850,34900,4796,4361,4796,4611
34900,34950,4804,4369,4804,4619
34950,35000,4811,4376,4811,4626
35000,35050,4819,4384,4819,4634
35050,35100,4826,4391,4826,4641
35100,35150,4834,4399,4834,4649
35150,35200,4841,4406,4841,4656
35200,35250,4849,4414,4849,4664
35250,35300,4856,4421,4856,4671
35300,35350,4864,4429,4864,4679
35350,35400,4874,4436,4874,4686
35400,35450,4886,4444,4886,4694
35450,35500,4899,4451,4899,4701
35500,35550,4911,4459,4911,4709
35550,35600,4924,4466,4924,4716
35600,35650,4936,4474,4936,4724
35650,35700,4949,4481,4949,4731
35700,35750,4961,4489,4961,4739
35750,35800,4974,4496,4974,4746
35800,35850,4986,4504,4986,4754
35850,35900,4999,4511,4999,4761
35900,35950,5011,4519,5011,4769
35950,36000,5024,4526,5024,4776
36000,36050,5036,4534,5036,4784
36050,36100,5049,4541,5049,4791
36100,36150,5061,4549,5061,4799
36150,36200,5074,4556,5074,4806
36200,36250,5086,4564,5086,4814
36250,36300,5099,4571,5099,4821
36300,36350,5111,4579,5111,4829
36350,36400,5124,4586,5124,4836
36400,36450,5136,4594,5136,4844
36450,36500,5149,4601,5149,4851
36500,36550,5161,4609,5161,4859
36550,36600,5174,4616,5174,4866
36600,36650,5186,4624,5186,4874
36650,36700,5199,4631,5199,4881
36700,36750,5211,4639,5211,4889
36750,36800,5224,4646,5224,4896
36800,36850,5236,4654,5236,4904
36850,36900,5249,4661,5249,4911
36900,36950,5261,4669,5261,4919
36950,37000,5274,4676,5274,4926
37000,37050,5286,4684,5286,4934
37050,37100,5299,4691,5299,4941
37100,37150,5311,4699,5311,4949
37150,37200,5324,4706,5324,4956
37200,37250,5336,4714,5336,4964
37250,37300,5349,4721,5349,4971
37300,37350,5361,4729,5361,4979
37350,37400,5374,4736,5374,4986
37400,37450,5386,4744,5386,4994
37450,37500,5399,4751,5399,5001
37500,37550,5411,4759,5411,5009
37550,37600,5424,4766,5424,5016
37600,37650,5436,4774,5436,5024
37650,37700,5449,4781,5449,5031
37700,37750,5461,4789,5461,5039
37750,37800,5474,4796,5474,5046
37800,37850,5486,4804,5486,5054
37850,37900,5499,4811,5499,5061
37900,37950,5511,4819,5511,5069
37950,38000,5524,4826,5524,5076
38000,38050,5536,4834,5536,5084
38050,38100,5549,4841,5549,5091
38100,38150,5561,4849,5561,5099
38150,38200,5574,4856,5574,5106
38200,38250,5586,4864,5586,5114
38250,38300,5599,4871,5599,5121
38300,38350,5611,4879,5611,5129
38350,38400,5624,4886,5624,5136
38400,38450,5636,4894,5636,5144
38450,38500,5649,4901,5649,5151
38500,38550,5661,4909,5661,5159
38550,38600,5674,4916,5674,5166
38600,38650,5686,4924,5686,5174
38650,38700,5699,4931,5699,5181
38700,38750,5711,4939,5711,5189
38750,38800,5724,4946,5724,5196
38800,38850,5736,4954,5736,5204
38850,38900,5749,4961,5749,5211
38900,38950,5761,4969,5761,5219
38950,39000,5774,4976,5774,5226
39000,39050,5786,4984,5786,5234
39050,39100,5799,4991,5799,5241
39100,39150,5811,4999,5811,5249
39150,39200,5824,5006,5824,5256
39200,39250,5836,5014,5836,5264
39250,39300,5849,5021,5849,5271
39300,39350,5861,5029,5861,5279
39350,39400,5874,5036,5874,5286
39400,39450,5886,5044,5886,5294
39450,39500,5899,5051,5899,5301
39500,39550,5911,5059,5911,5309
39550,39600,5924,5066,5924,5316
39600,39650,5936,5074,5936,5324
39650,39700,5949,5081,5949,5331
39700,39750,5961,5089,5961,5339
39750,39800,5974,5096,5974,5346
39800,39850,5986,5104,5986,5354
39850,39900,5999,5111,5999,5361
39900,39950,6011,5119,6011,5369
39950,40000,6024,5126,6024,5376
40000,40050,6036,5134,6036,5384
40050,40100,6049,5141,6049,5391
40100,40150,6061,5149,6061,5399
40150,40200,6074,5156,6074,5406
40200,40250,6086,5164,6086,5414
40250,40300,6099,5171,6099,5421
40300,40350,6111,5179,6111,5429
40350,40400,6124,5186,6124,5436
40400,40450,6136,5194,6136,5444
40450,40500,6149,5201,6149,5451
40500,40550,6161,5209,6161,5459
40550,40600,6174,5216,6174,5466
40600,40650,6186,5224,6186,5474
40650,40700,6199,5231,6199,5481
40700,40750,6211,5239,6211,5489
40750,40800,6224,5246,6224,5496
40800,40850,6236,5254,6236,5504
40850,40900,6249,5261,6249,5511
40900,40950,6261,5269,6261,5519
40950,41000,6274,5276,6274,5526
41000,41050,6286,5284,6286,5534
41050,41100,6299,5291,6299,5541
41100,41150,6311,5299,6311,5549
41150,41200,6324,5306,6324,5556
41200,41250,6336,5314,6336,5564
41250,41300,6349,5321,6349,5571
41300,41350,6361,5329,6361,5579
41350,41400,6374,5336,6374,5586
41400,41450,6386,5344,6386,5594
41450,41500,6399,5351,6399,5601
41500,41550,6411,5359,6411,5609
41550,41600,6424,5366,6424,5616
41600,41650,6436,5374,6436,5624
41650,41700,6449,5381,6449,5631
41700,41750,6461,5389,6461,5639
41750,41800,6474,5396,6474,5646
41800,41850,6486,5404,6486,5654
41850,41900,6499,5411,6499,5661
41900,41950,6511,5419,6511,5669
41950,42000,6524,5426,6524,5676
42000,42050,6536,5434,6536,5684
42050,42100,6549,5441,6549,5691
42100,42150,6561,5449,6561,5699
42150,42200,6574,5456,6574,5706
42200,42250,6586,5464,6586,5714
42250,42300,6599,5471,6599,5721
42300,42350,6611,5479,6611,5729
42350,42400,6624,5486,6624,5736
42400,42450,6636,5494,6636,5744
42450,42500,6649,5501,6649,5751
42500,42550,6661,5509,6661,5759
42550,42600,6674,5516,6674,5766
42600,42650,6686,5524,6686,5774
42650,42700,6699,5531,6699,5781
42700,42750,6711,5539,6711,5789
42750,42800,6724,5546,6724,5796
42800,42850,6736,5554,6736,5804
42850,42900,6749,5561,6749,5811
42900,42950,6761,5569,6761,5819
42950,43000,6774,5576,6774,5826
43000,43050,6786,5584,6786,5834
43050,43100,6799,5591,6799,5841
43100,43150,6811,5599,6811,5849
43150,43200,6824,5606,6824,5856
43200,43250,6836,5614,6836,5864
43250,43300,6849,5621,6849,5871
43300,43350,6861,5629,6861,5879
43350,43400,6874,5636,6874,5886
43400,43450,6886,5644,6886,5894
43450,43500,6899,5651,6899,5901
43500,43550,6911,5659,6911,5909
43550,43600,6924,5666,6924,5916
43600,43650,6936,5674,6936,5924
43650,43700,6949,5681,6949,5931
43700,43750,6961,5689,6961,5939
43750,43800,6974,5696,6974,5946
43800,43850,6986,5704,6986,5954
43850,43900,6999,5711,6999,5961
43900,43950,7011,5719,7011,5969
43950,44000,7024,5726,7024,5976
44000,44050,7036,5734,7036,5984
44050,44100,7049,5741,7049,5991
44100,44150,7061,5749,7061,5999
44150,44200,7074,5756,7074,6006
44200,44250,7086,5764,7086,6014
44250,44300,7099,5771,7099,6021
44300,44350,7111,5779,7111,6029
44350,44400,7124,5786,7124,6036
44400,44450,7136,5794,7136,6044
44450,44500,7149,5801,7149,6051
44500,44550,7161,5809,7161,6059
44550,44600,7174,5816,7174,6066
44600,44650,7186,5824,7186,6074
44650,44700,7199,5831,7199,6081
44700,44750,7211,5839,7211,6089
44750,44800,7224,5846,7224,6096
44800,44850,7236,5854,7236,6104
44850,44900,7249,5861,7249,6111
44900,44950,7261,5869,7261,6119
44950,45000,7274,5876,7274,6126
45000,45050,7286,5884,7286,6134
45050,45100,7299,5891,7299,6141
45100,45150,7311,5899,7311,6149
45150,45200,7324,5906,7324,6156
45200,45250,7336,5914,7336,6164
45250,45300,7349,5921,7349,6171
45300,45350,7361,5929,7361,6179
45350,45400,7374,5936,7374,6186
45400,45450,7386,5944,7386,6194
45450,45500,7399,5951,7399,6201
45500,45550,7411,5959,7411,6209
45550,45600,7424,5966,7424,6216
45600,45650,7436,5974,7436,6224
45650,45700,7449,5981,7449,6231
45700,45750,7461,5989,7461,6239
45750,45800,7474,5996,7474,6246
45800,45850,7486,6004,7486,6254
45850,45900,7499,6011,7499,6261
45900,45950,7511,6019,7511,6269
45950,46000,7524,6026,7524,6276
46000,46050,7536,6034,7536,6284
46050,46100,7549,6041,7549,6291
46100,46150,7561,6049,7561,6299
46150,46200,7574,6056,7574,6306
46200,46250,7586,6064,7586,6314
46250,46300,7599,6071,7599,6321
46300,46350,7611,6079,7611,6329
46350,46400,7624,6086,7624,6336
46400,46450,7636,6094,7636,6344
46450,46500,7649,6101,7649,6351
46500,46550,7661,6109,7661,6359
46550,46600,7674,6116,7674,6366
46600,46650,7686,6124,7686,6374
46650,46700,7699,6131,7699,6381
46700,46750,7711,6139,7711,6389
46750,46800,7724,6146,7724,6396
46800,46850,7736,6154,7736,6404
46850,46900,7749,6161,7749,6411
46900,46950,7761,6169,7761,6419
46950,47000,7774,6176,7774,6426
47000,47050,7786,6184,7786,6434
47050,47100,7799,6191,7799,6441
47100,47150,7811,6199,7811,6449
47150,47200,7824,6206,7824,6456
47200,47250,7836,6214,7836,6464
47250,47300,7849,6221,7849,6471
47300,47350,7861,6229,7861,6479
47350,47400,7874,6236,7874,6489
47400,47450,7886,6244,7886,6501
47450,47500,7899,6251,7899,6514
47500,47550,7911,6259,7911,6526
47550,47600,7924,6266,7924,6539
47600,47650,7936,6274,7936,6551
47650,47700,7949,6281,7949,6564
47700,47750,7961,6289,7961,6576
47750,47800,7974,6296,7974,6589
47800,47850,7986,6304,7986,6601
47850,47900,7999,6311,7999,6614
47900,47950,8011,6319,8011,6626
47950,48000,8024,6326,8024,6639
48000,48050,8036,6334,8036,6651
48050,48100,8049,6341,8049,6664
48100,48150,8061,6349,8061,6676
48150,48200,8074,6356,8074,6689
48200,48250,8086,6364,8086,6701
48250,48300,8099,6371,8099,6714
48300,48350,8111,6379,8111,6726
48350,48400,8124,6386,8124,6739
48400,48450,8136,6394,8136,6751
48450,48500,8149,6401,8149,6764
48500,48550,8161,6409,8161,6776
48550,48600,8174,6416,8174,6789
48600,48650,8186,6424,8186,6801
48650,48700,8199,6431,8199,6814
48700,48750,8211,6439,8211,6826
48750,48800,8224,6446,8224,6839
48800,48850,8236,6454,8236,6851
48850,48900,8249,6461,8249,6864
48900,48950,8261,6469,8261,6876
48950,49000,8274,6476,8274,6889
49000,49050,8286,6484,8286,6901
49050,49100,8299,6491,8299,6914
49100,49150,8311,6499,8311,6926
49150,49200,8324,6506,8324,6939
49200,49250,8336,6514,8336,6951
49250,49300,8349,6521,8349,6964
49300,49350,8361,6529,8361,6976
49350,49400,8374,6536,8374,6989
49400,49450,8386,6544,8386,7001
49450,49500,8399,6551,8399,7014
49500,49550,8411,6559,8411,7026
49550,49600,8424,6566,8424,7039
49600,49650,8436,6574,8436,7051
49650,49700,8449,6581,8449,7064
49700,49750,8461,6589,8461,7076
49750,49800,8474,6596,8474,7089
49800,49850,8486,6604,8486,7101
49850,49900,8499,6611,8499,7114
49900,49950,8511,6619,8511,7126
49950,50000,8524,6626,8524,7139
50000,50050,8536,6634,8536,7151
50050,50100,8549,6641,8549,7164
50100,50150,8561,6649,8561,7176
50150,50200,8574,6656,8574,7189
50200,50250,8586,6664,8586,7201
50250,50300,8599,6671,8599,7214
50300,50350,8611,6679,8611,7226
50350,50400,8624,6686,8624,7239
50400,50450,8636,6694,8636,7251
50450,50500,8649,6701,8649,7264
50500,50550,8661,6709,8661,7276
50550,50600,8674,6716,8674,7289
50600,50650,8686,6724,8686,7301
50650,50700,8699,6731,8699,7314
50700,50750,8711,6739,8711,7326
50750,50800,8724,6746,8724,7339
50800,50850,8736,6754,8736,7351
50850,50900,8749,6761,8749,7364
50900,50950,8761,6769,8761,7376
50950,51000,8774,6776,8774,7389
51000,51050,8786,6784,8786,7401
51050,51100,8799,6791,8799,7414
51100,51150,8811,6799,8811,7426
51150,51200,8824,6806,8824,7439
51200,51250,8836,6814,8836,7451
51250,51300,8849,6821,8849,7464
51300,51350,8861,6829,8861,7476
51350,51400,8874,6836,8874,7489
51400,51450,8886,6844,8886,7501
51450,51500,8899,6851,8899,7514
51500,51550,8911,6859,8911,7526
51550,51600,8924,6866,8924,7539
51600,51650,8936,6874,8936,7551
51650,51700,8949,6881,8949,7564
51700,51750,8961,6889,8961,7576
51750,51800,8974,6896,8974,7589
51800,51850,8986,6904,8986,7601
51850,51900,8999,6911,8999,7614
51900,51950,9011,6919,9011,7626
51950,52000,9024,6926,9024,7639
52000,52050,9036,6934,9036,7651
52050,52100,9049,6941,9049,7664
52100,52150,9061,6949,9061,7676
52150,52200,9074,6956,9074,7689
52200,52250,9086,6964,9086,7701
52250,52300,9099,6971,9099,7714
52300,52350,9111,6979,9111,7726
52350,52400,9124,6986,9124,7739
52400,52450,9136,6994,9136,7751
52450,52500,9149,7001,9149,7764
52500,52550,9161,7009,9161,7776
52550,52600,9174,7016,9174,7789
52600,52650,9186,7024,9186,7801
52650,52700,9199,7031,9199,7814
52700,52750,9211,7039,9211,7826
52750,52800,9224,7046,9224,7839
52800,52850,9236,7054,9236,7851
52850,52900,9249,7061,9249,7864
52900,52950,9261,7069,9261,7876
52950,53000,9274,7076,9274,7889
53000,53050,9286,7084,9286,7901
53050,53100,9299,7091,9299,7914
53100,53150,9311,7099,9311,7926
53150,53200,9324,7106,9324,7939
53200,53250,9336,7114,9336,7951
53250,53300,9349,7121,9349,7964
53300,53350,9361,7129,9361,7976
53350,53400,9374,7136,9374,7989
53400,53450,9386,7144,9386,8001
53450,53500,9399,7151,9399,8014
53500,53550,9411,7159,9411,8026
53550,53600,9424,7166,9424,8039
53600,53650,9436,7174,9436,8051
53650,53700,9449,7181,9449,8064
53700,53750,9461,7189,9461,8076
53750,53800,9474,7196,9474,8089
53800,53850,9486,7204,9486,8101
53850,53900,9499,7211,9499,8114
53900,53950,9511,7219,9511,8126
53950,54000,9524,7226,9524,8139
54000,54050,9536,7234,9536,8151
54050,54100,9549,7241,9549,8164
54100,54150,9561,7249,9561,8176
54150,54200,9574,7256,9574,8189
54200,54250,9586,7264,9586,8201
54250,54300,9599,7271,9599,8214
54300,54350,9611,7279,9611,8226
54350,54400,9624,7286,9624,8239
54400,54450,9636,7294,9636,8251
54450,54500,9649,7301,9649,8264
54500,54550,9661,7309,9661,8276
54550,54600,9674,7316,9674,8289
54600,54650,9686,7324,9686,8301
54650,54700,9699,7331,9699,8314
54700,54750,9711,7339,9711,8326
54750,54800,9724,7346,9724,8339
54800,54850,9736,7354,9736,8351
54850,54900,9749,7361,9749,8364
54900,54950,9761,7369,9761,8376
54950,55000,9774,7376,9774,8389
55000,55050,9786,7384,9786,8401
55050,55100,9799,7391,9799,8414
55100,55150,9811,7399,9811,8426
55150,55200,9824,7406,9824,8439
55200,55250,9836,7414,9836,8451
55250,55300,9849,7421,9849,8464
55300,55350,9861,7429,9861,8476
55350,55400,9874,7436,9874,8489
55400,55450,9886,7444,9886,8501
55450,55500,9899,7451,9899,8514
55500,55550,9911,7459,9911,8526
55550,55600,9924,7466,9924,8539
55600,55650,9936,7474,9936,8551
55650,55700,9949,7481,9949,8564
55700,55750,9961,7489,9961,8576
55750,55800,9974,7496,9974,8589
55800,55850,9986,7504,9986,8601
55850,55900,9999,7511,9999,8614
55900,55950,10011,7519,10011,8626
55950,56000,10024,7526,10024,8639
56000,56050,10036,7534,10036,8651
56050,56100,10049,7541,10049,8664
56100,56150,10061,7549,10061,8676
56150,56200,10074,7556,10074,8689
56200,56250,10086,7564,10086,8701
56250,56300,10099,7571,10099,8714
56300,56350,10111,7579,10111,8726
56350,56400,10124,7586,10124,8739
56400,56450,10136,7594,10136,8751
56450,56500,10149,7601,10149,8764
56500,56550,10161,7609,10161,8776
56550,56600,10174,7616,10174,8789
56600,56650,10186,7624,10186,8801
56650,56700,10199,7631,10199,8814
56700,56750,10211,7639,10211,8826
56750,56800,10224,7646,10224,8839
56800,56850,10236,7654,10236,8851
56850,56900,10249,7661,10249,8864
56900,56950,10261,7669,10261,8876
56950,57000,10274,7676,10274,8889
57000,57050,10286,7684,10286,8901
57050,57100,10299,7691,10299,8914
57100,57150,10311,7699,10311,8926
57150,57200,10324,7706,10324,8939
57200,57250,10336,7714,10336,8951
57250,57300,10349,7721,10349,8964
57300,57350,10361,7729,10361,8976
57350,57400,10374,7736,10374,8989
57400,57450,10386,7744,10386,9001
57450,57500,10399,7751,10399,9014
57500,57550,10411,7759,10411,9026
57550,57600,10424,7766,10424,9039
57600,57650,10436,7774,10436,9051
57650,57700,10449,7781,10449,9064
57700,57750,10461,7789,10461,9076
57750,57800,10474,7796,10474,9089
57800,57850,10486,7804,10486,9101
57850,57900,10499,7811,10499,9114
57900,57950,10511,7819,10511,9126
57950,58000,10524,7826,10524,9139
58000,58050,10536,7834,10536,9151
58050,58100,10549,7841,10549,9164
58100,58150,10561,7849,10561,9176
58150,58200,10574,7856,10574,9189
58200,58250,10586,7864,10586,9201
58250,58300,10599,7871,10599,9214
58300,58350,10611,7879,10611,9226
58350,58400,10624,7886,10624,9239
58400,58450,10636,7894,10636,9251
58450,58500,10649,7901,10649,9264
58500,58550,10661,7909,10661,9276
58550,58600,10674,7916,10674,9289
58600,58650,10686,7924,10686,9301
58650,58700,10699,7931,10699,9314
58700,58750,10711,7939,10711,9326
58750,58800,10724,7946,10724,9339
58800,58850,10736,7954,10736,9351
58850,58900,10749,7961,10749,9364
58900,58950,10761,7969,10761,9376
58950,59000,10774,7976,10774,9389
59000,59050,10786,7984,10786,9401
59050,59100,10799,7991,10799,9414
59100,59150,10811,7999,10811,9426
59150,59200,10824,8006,10824,9439
59200,59250,10836,8014,10836,9451
59250,59300,10849,8021,10849,9464
59300,59350,10861,8029,10861,9476
59350,59400,10874,8036,10874,9489
59400,59450,10886,8044,10886,9501
59450,59500,10899,8051,10899,9514
59500,59550,10911,8059,10911,9526
59550,59600,10924,8066,10924,9539
59600,59650,10936,8074,10936,9551
59650,59700,10949,8081,10949,9564
59700,59750,10961,8089,10961,9576
59750,59800,10974,8096,10974,9589
59800,59850,10986,8104,10986,9601
59850,59900,10999,8111,10999,9614
59900,59950,11011,8119,11011,9626
59950,60000,11024,8126,11024,9639
60000,60050,11036,8134,11036,9651
60050,60100,11049,8141,11049,9664
60100,60150,11061,8149,11061,9676
60150,60200,11074,8156,11074,9689
60200,60250,11086,8164,11086,9701
60250,60300,11099,8171,11099,9714
60300,60350,11111,8179,11111,9726
60350,60400,11124,8186,11124,9739
60400,60450,11136,8194,11136,9751
60450,60500,11149,8201,11149,9764
60500,60550,11161,8209,11161,9776
60550,60600,11174,8216,11174,9789
60600,60650,11186,8224,11186,9801
60650,60700,11199,8231,11199,9814
60700,60750,11211,8239,11211,9826
60750,60800,11224,8246,11224,9839
60800,60850,11236,8254,11236,9851
60850,60900,11249,8261,11249,9864
60900,60950,11261,8269,11261,9876
60950,61000,11274,8276,11274,9889
61000,61050,11286,8284,11286,9901
61050,61100,11299,8291,11299,9914
61100,61150,11311,8299,11311,9926
61150,61200,11324,8306,11324,9939
61200,61250,11336,8314,11336,9951
61250,61300,11349,8321,11349,9964
61300,61350,11361,8329,11361,9976
61350,61400,11374,8336,11374,9989
61400,61450,11386,8344,11386,10001
61450,61500,11399,8351,11399,10014
61500,61550,11411,8359,11411,10026
61550,61600,11424,8366,11424,10039
61600,61650,11436,8374,11436,10051
61650,61700,11449,8381,11449,10064
61700,61750,11461,8389,11461,10076
61750,61800,11474,8396,11474,10089
61800,61850,11486,8404,11486,10101
61850,61900,11499,8411,11499,10114
61900,61950,11511,8419,11511,10126
61950,62000,11524,8426,11524,10139
62000,62050,11536,8434,11536,10151
62050,62100,11549,8441,11549,10164
62100,62150,11561,8449,11561,10176
62150,62200,11574,8456,11574,10189
62200,62250,11586,8464,11586,10201
62250,62300,11599,8471,11599,10214
62300,62350,11611,8479,11611,10226
62350,62400,11624,8486,11624,10239
62400,62450,11636,8494,11636,10251
62450,62500,11649,8501,11649,10264
62500,62550,11661,8509,11661,10276
62550,62600,11674,8516,11674,10289
62600,62650,11686,8524,11686,10301
62650,62700,11699,8531,11699,10314
62700,62750,11711,8539,11711,10326
62750,62800,11724,8546,11724,10339
62800,62850,11736,8554,11736,10351
62850,62900,11749,8561,11749,10364
62900,62950,11761,8569,11761,10376
62950,63000,11774,8576,11774,10389
63000,63050,11786,8584,11786,10401
63050,63100,11799,8591,11799,10414
63100,63150,11811,8599,11811,10426
63150,63200,11824,8606,11824,10439
63200,63250,11836,8614,11836,10451
63250,63300,11849,8621,11849,10464
63300,63350,11861,8629,11861,10476
63350,63400,11874,8636,11874,10489
63400,63450,11886,8644,11886,10501
63450,63500,11899,8651,11899,10514
63500,63550,11911,8659,11911,10526
63550,63600,11924,8666,11924,10539
63600,63650,11936,8674,11936,10551
63650,63700,11949,8681,11949,10564
63700,63750,11961,8689,11961,10576
63750,63800,11974,8696,11974,10589
63800,63850,11986,8704,11986,10601
63850,63900,11999,8711,11999,10614
63900,63950,12011,8719,12011,10626
63950,64000,12024,8726,12024,10639
64000,64050,12036,8734,12036,10651
64050,64100,12049,8741,12049,10664
64100,64150,12061,8749,12061,10676
64150,64200,12074,8756,12074,10689
64200,64250,12086,8764,12086,10701
64250,64300,12099,8771,12099,10714
64300,64350,12111,8779,12111,10726
64350,64400,12124,8786,12124,10739
64400,64450,12136,8794,12136,10751
64450,64500,12149,8801,12149,10764
64500,64550,12161,8809,12161,10776
64550,64600,12174,8816,12174,10789
64600,64650,12186,8824,12186,10801
64650,64700,12199,8831,12199,10814
64700,64750,12211,8839,12211,10826
64750,64800,12224,8846,12224,10839
64800,64850,12236,8854,12236,10851
64850,64900,12249,8861,12249,10864
64900,64950,12261,8869,12261,10876
64950,65000,12274,8876,12274,10889
65000,65050,12286,8884,12286,10901
65050,65100,12299,8891,12299,10914
65100,65150,12311,8899,12311,10926
65150,65200,12324,8906,12324,10939
65200,65250,12336,8914,12336,10951
65250,65300,12349,8921,12349,10964
65300,65350,12361,8929,12361,10976
65350,65400,12374,8936,12374,10989
65400,65450,12386,8944,12386,11001
65450,65500,12399,8951,12399,11014
65500,65550,12411,8959,12411,11026
65550,65600,12424,8966,12424,11039
65600,65650,12436,8974,12436,11051
65650,65700,12449,8981,12449,11064
65700,65750,12461,8989,12461,11076
65750,65800,12474,8996,12474,11089
65800,65850,12486,9004,12486,11101
65850,65900,12499,9011,12499,11114
65900,65950,12511,9019,12511,11126
65950,66000,12524,9026,12524,11139
66000,66050,12536,9034,12536,11151
66050,66100,12549,9041,12549,11164
66100,66150,12561,9049,12561,11176
66150,66200,12574,9056,12574,11189
66200,66250,12586,9064,12586,11201
66250,66300,12599,9071,12599,11214
66300,66350,12611,9079,12611,11226
66350,66400,12624,9086,12624,11239
66400,66450,12636,9094,12636,11251
66450,66500,12649,9101,12649,11264
66500,66550,12661,9109,12661,11276
66550,66600,12674,9116,12674,11289
66600,66650,12686,9124,12686,11301
66650,66700,12699,9131,12699,11314
66700,66750,12711,9139,12711,11326
66750,66800,12724,9146,12724,11339
66800,66850,12736,9154,12736,11351
66850,66900,12749,9161,12749,11364
66900,66950,12761,9169,12761,11376
66950,67000,12774,9176,12774,11389
67000,67050,12786,9184,12786,11401
67050,67100,12799,9191,12799,11414
67100,67150,12811,9199,12811,11426
67150,67200,12824,9206,12824,11439
67200,67250,12836,9214,12836,11451
67250,67300,12849,9221,12849,11464
67300,67350,12861,9229,12861,11476
67350,67400,12874,9236,12874,11489
67400,67450,12886,9244,12886,11501
67450,67500,12899,9251,12899,11514
67500,67550,12911,9259,12911,11526
67550,67600,12924,9266,12924,11539
67600,67650,12936,9274,12936,11551
67650,67700,12949,9281,12949,11564
67700,67750,12961,9289,12961,11576
67750,67800,12974,9296,12974,11589
67800,67850,12986,9304,12986,11601
67850,67900,12999,9311,12999,11614
67900,67950,13011,9319,13011,11626
67950,68000,13024,9326,13024,11639
68000,68050,13036,9334,13036,11651
68050,68100,13049,9341,13049,11664
68100,68150,13061,9349,13061,11676
68150,68200,13074,9356,13074,11689
68200,68250,13086,9364,13086,11701
68250,68300,13099,9371,13099,11714
68300,68350,13111,9379,13111,11726
68350,68400,13124,9386,13124,11739
68400,68450,13136,9394,13136,11751
68450,68500,13149,9401,13149,11764
68500,68550,13161,9409,13161,11776
68550,68600,13174,9416,13174,11789
68600,68650,13186,9424,13186,11801
68650,68700,13199,9431,13199,11814
68700,68750,13211,9439,13211,11826
68750,68800,13224,9446,13224,11839
68800,68850,13236,9454,13236,11851
68850,68900,13249,9461,13249,11864
68900,68950,13261,9469,13261,11876
68950,69000,13274,9476,13274,11889
69000,69050,13286,9484,13286,11901
69050,69100,13299,9491,13299,11914
69100,69150,13311,9499,13311,11926
69150,69200,13324,9506,13324,11939
69200,69250,13336,9514,13336,11951
69250,69300,13349,9521,13349,11964
69300,69350,13361,9529,13361,11976
69350,69400,13374,9536,13374,11989
69400,69450,13386,9544,13386,12001
69450,69500,13399,9551,13399,12014
69500,69550,13411,9559,13411,12026
69550,69600,13424,9566,13424,12039
69600,69650,13436,9574,13436,12051
69650,69700,13449,9581,13449,12064
69700,69750,13461,9589,13461,12076
69750,69800,13474,9596,13474,12089
69800,69850,13486,9604,13486,12101
69850,69900,13499,9611,13499,12114
69900,69950,13511,9619,13511,12126
69950,70000,13524,9626,13524,12139
70000,70050,13536,9634,13536,12151
70050,70100,13549,9641,13549,12164
70100,70150,13561,9649,13561,12176
70150,70200,13574,9656,13574,12189
70200,70250,13586,9664,13586,12201
70250,70300,13599,9671,13599,12214
70300,70350,13611,9679,13611,12226
70350,70400,13624,9686,13624,12239
70400,70450,13636,9694,13636,12251
70450,70500,13649,9701,13649,12264
70500,70550,13661,9709,13661,12276
70550,70600,13674,9716,13674,12289
70600,70650,13686,9724,13686,12301
70650,70700,13699,9731,13699,12314
70700,70750,13711,9741,13711,12326
70750,70800,13724,9754,13724,12339
70800,70850,13736,9766,13736,12351
70850,70900,13749,9779,13749,12364
70900,70950,13761,9791,13761,12376
70950,71000,13774,9804,13774,12389
71000,71050,13786,9816,13786,12401
71050,71100,13799,9829,13799,12414
71100,71150,13811,9841,13811,12426
71150,71200,13824,9854,13824,12439
71200,71250,13836,9866,13836,12451
71250,71300,13849,9879,13849,12464
71300,71350,13861,9891,13861,12476
71350,71400,13874,9904,13875,12489
71400,71450,13886,9916,13889,12501
71450,71500,13899,9929,13903,12514
71500,71550,13911,9941,13917,12526
71550,71600,13924,9954,13931,12539
71600,71650,13936,9966,13945,12551
71650,71700,13949,9979,13959,12564
71700,71750,13961,9991,13973,12576
71750,71800,13974,10004,13987,12589
71800,71850,13986,10016,14001,12601
71850,71900,13999,10029,14015,12614
71900,71950,14011,10041,14029,12626
71950,72000,14024,10054,14043,12639
72000,72050,14036,10066,14057,12651
72050,72100,14049,10079,14071,12664
72100,72150,14061,10091,14085,12676
72150,72200,14074,10104,14099,12689
72200,72250,14086,10116,14113,12701
72250,72300,14099,10129,14127,12714
72300,72350,14111,10141,14141,12726
72350,72400,14124,10154,14155,12739
72400,72450,14136,10166,14169,12751
72450,72500,14149,10179,14183,12764
72500,72550,14161,10191,14197,12776
72550,72600,14174,10204,14211,12789
72600,72650,14186,10216,14225,12801
72650,72700,14199,10229,14239,12814
72700,72750,14211,10241,14253,12826
72750,72800,14224,10254,14267,12839
72800,72850,14236,10266,14281,12851
72850,72900,14249,10279,14295,12864
72900,72950,14261,10291,14309,12876
72950,73000,14274,10304,14323,12889
73000,73050,14286,10316,14337,12901
73050,73100,14299,10329,14351,12914
73100,73150,14311,10341,14365,12926
73150,73200,14324,10354,14379,12939
73200,73250,14336,10366,14393,12951
73250,73300,14349,10379,14407,12964
73300,73350,14361,10391,14421,12976
73350,73400,14374,10404,14435,12989
73400,73450,14386,10416,14449,13001
73450,73500,14399,10429,14463,13014
73500,73550,14411,10441,14477,13026
73550,73600,14424,10454,14491,13039
73600,73650,14436,10466,14505,13051
73650,73700,14449,10479,14519,13064
73700,73750,14461,10491,14533,13076
73750,73800,14474,10504,14547,13089
73800,73850,14486,10516,14561,13101
73850,73900,14499,10529,14575,13114
73900,73950,14511,10541,14589,13126
73950,74000,14524,10554,14603,13139
74000,74050,14536,10566,14617,13151
74050,74100,14549,10579,14631,13164
74100,74150,14561,10591,14645,13176
74150,74200,14574,10604,14659,13189
74200,74250,14586,10616,14673,13201
74250,74300,14599,10629,14687,13214
74300,74350,14611,10641,14701,13226
74350,74400,14624,10654,14715,13239
74400,74450,14636,10666,14729,13251
74450,74500,14649,10679,14743,13264
74500,74550,14661,10691,14757,13276
74550,74600,14674,10704,14771,13289
74600,74650,14686,10716,14785,13301
74650,74700,14699,10729,14799,13314
74700,74750,14711,10741,14813,13326
74750,74800,14724,10754,14827,13339
74800,74850,14736,10766,14841,13351
74850,74900,14749,10779,14855,13364
74900,74950,14761,10791,14869,13376
74950,75000,14774,10804,14883,13389
75000,75050,14786,10816,14897,13401
75050,75100,14799,10829,14911,13414
75100,75150,14811,10841,14925,13426
75150,75200,14824,10854,14939,13439
75200,75250,14836,10866,14953,13451
75250,75300,14849,10879,14967,13464
75300,75350,14861,10891,14981,13476
75350,75400,14874,10904,14995,13489
75400,75450,14886,10916,15009,13501
75450,75500,14899,10929,15023,13514
75500,75550,14911,10941,15037,13526
75550,75600,14924,10954,15051,13539
75600,75650,14936,10966,15065,13551
75650,75700,14949,10979,15079,13564
75700,75750,14961,10991,15093,13576
75750,75800,14974,11004,15107,13589
75800,75850,14986,11016,15121,13601
75850,75900,14999,11029,15135,13614
75900,75950,15011,11041,15149,13626
75950,76000,15024,11054,15163,13639
76000,76050,15036,11066,15177,13651
76050,76100,15049,11079,15191,13664
76100,76150,15061,11091,15205,13676
76150,76200,15074,11104,15219,13689
76200,76250,15086,11116,15233,13701
76250,76300,15099,11129,15247,13714
76300,76350,15111,11141,15261,13726
76350,76400,15124,11154,15275,13739
76400,76450,15136,11166,15289,13751
76450,76500,15149,11179,15303,13764
76500,76550,15161,11191,15317,13776
76550,76600,15174,11204,15331,13789
76600,76650,15186,11216,15345,13801
76650,76700,15199,11229,15359,13814
76700,76750,15211,11241,15373,13826
76750,76800,15224,11254,15387,13839
76800,76850,15236,11266,15401,13851
76850,76900,15249,11279,15415,13864
76900,76950,15261,11291,15429,13876
76950,77000,15274,11304,15443,13889
77000,77050,15286,11316,15457,13901
77050,77100,15299,11329,15471,13914
77100,77150,15311,11341,15485,13926
77150,77200,15324,11354,15499,13939
77200,77250,15336,11366,15513,13951
77250,77300,15349,11379,15527,13964
77300,77350,15361,11391,15541,13976
77350,77400,15374,11404,15555,13989
77400,77450,15386,11416,15569,14001
77450,77500,15399,11429,15583,14014
77500,77550,15411,11441,15597,14026
77550,77600,15424,11454,15611,14039
77600,77650,15436,11466,15625,14051
77650,77700,15449,11479,15639,14064
77700,77750,15461,11491,15653,14076
77750,77800,15474,11504,15667,14089
77800,77850,15486,11516,15681,14101
77850,77900,15499,11529,15695,14114
77900,77950,15511,11541,15709,14126
77950,78000,15524,11554,15723,14139
78000,78050,15536,11566,15737,14151
78050,78100,15549,11579,15751,14164
78100,78150,15561,11591,15765,14176
78150,78200,15574,11604,15779,14189
78200,78250,15586,11616,15793,14201
78250,78300,15599,11629,15807,14214
78300,78350,15611,11641,15821,14226
78350,78400,15624,11654,15835,14239
78400,78450,15636,11666,15849,14251
78450,78500,15649,11679,15863,14264
78500,78550,15661,11691,15877,14276
78550,78600,15674,11704,15891,14289
78600,78650,15686,11716,15905,14301
78650,78700,15699,11729,15919,14314
78700,78750,15711,11741,15933,14326
78750,78800,15724,11754,15947,14339
78800,78850,15736,11766,15961,14351
78850,78900,15749,11779,15975,14364
78900,78950,15761,11791,15989,14376
78950,79000,15774,11804,16003,14389
79000,79050,15786,11816,16017,14401
79050,79100,15799,11829,16031,14414
79100,79150,15811,11841,16045,14426
79150,79200,15824,11854,16059,14439
79200,79250,15836,11866,16073,14451
79250,79300,15849,11879,16087,14464
79300,79350,15861,11891,16101,14476
79350,79400,15874,11904,16115,14489
79400,79450,15886,11916,16129,14501
79450,79500,15899,11929,16143,14514
79500,79550,15911,11941,16157,14526
79550,79600,15924,11954,16171,14539
79600,79650,15936,11966,16185,14551
79650,79700,15949,11979,16199,14564
79700,79750,15961,11991,16213,14576
79750,79800,15974,12004,16227,14589
79800,79850,15986,12016,16241,14601
79850,79900,15999,12029,16255,14614
79900,79950,16011,12041,16269,14626
79950,80000,16024,12054,16283,14639
80000,80050,16036,12066,16297,14651
80050,80100,16049,12079,16311,14664
80100,80150,16061,12091,16325,14676
80150,80200,16074,12104,16339,14689
80200,80250,16086,12116,16353,14701
80250,80300,16099,12129,16367,14714
80300,80350,16111,12141,16381,14726
80350,80400,16124,12154,16395,14739
80400,80450,16136,12166,16409,14751
80450,80500,16149,12179,16423,14764
80500,80550,16161,12191,16437,14776
80550,80600,16174,12204,16451,14789
80600,80650,16186,12216,16465,14801
80650,80700,16199,12229,16479,14814
80700,80750,16211,12241,16493,14826
80750,80800,16224,12254,16507,14839
80800,80850,16236,12266,16521,14851
80850,80900,16249,12279,16535,14864
80900,80950,16261,12291,16549,14876
80950,81000,16274,12304,16563,14889
81000,81050,16286,12316,16577,14901
81050,81100,16299,12329,16591,14914
81100,81150,16311,12341,16605,14926
81150,81200,16324,12354,16619,14939
81200,81250,16336,12366,16633,14951
81250,81300,16349,12379,16647,14964
81300,81350,16361,12391,16661,14976
81350,81400,16374,12404,16675,14989
81400,81450,16386,12416,16689,15001
81450,81500,16399,12429,16703,15014
81500,81550,16411,12441,16717,15026
81550,81600,16424,12454,16731,15039
81600,81650,16436,12466,16745,15051
81650,81700,16449,12479,16759,15064
81700,81750,16461,12491,16773,15076
81750,81800,16474,12504,16787,15089
81800,81850,16486,12516,16801,15101
81850,81900,16499,12529,16815,15114
81900,81950,16511,12541,16829,15126
81950,82000,16524,12554,16843,15139
82000,82050,16536,12566,16857,15151
82050,82100,16549,12579,16871,15164
82100,82150,16561,12591,16885,15176
82150,82200,16574,12604,16899,15189
82200,82250,16586,12616,16913,15201
82250,82300,16599,12629,16927,15214
82300,82350,16611,12641,16941,15226
82350,82400,16624,12654,16955,15239
82400,82450,16636,12666,16969,15251
82450,82500,16649,12679,16983,15264
82500,82550,16661,12691,16997,15276
82550,82600,16674,12704,17011,15289
82600,82650,16686,12716,17025,15301
82650,82700,16699,12729,17039,15314
82700,82750,16711,12741,17053,15326
82750,82800,16724,12754,17067,15339
82800,82850,16736,12766,17081,15351
82850,82900,16749,12779,17095,15364
82900,82950,16761,12791,17109,15376
82950,83000,16774,12804,17123,15389
83000,83050,16786,12816,17137,15401
83050,83100,16799,12829,17151,15414
83100,83150,16811,12841,17165,15426
83150,83200,16824,12854,17179,15439
83200,83250,16836,12866,17193,15451
83250,83300,16849,12879,17207,15464
83300,83350,16861,12891,17221,15476
83350,83400,16874,12904,17235,15489
83400,83450,16886,12916,17249,15501
83450,83500,16899,12929,17263,15514
83500,83550,16911,12941,17277,15526
83550,83600,16924,12954,17291,15539
83600,83650,16936,12966,17305,15551
83650,83700,16949,12979,17319,15564
83700,83750,16961,12991,17333,15576
83750,83800,16974,13004,17347,15589
83800,83850,16986,13016,17361,15601
83850,83900,16999,13029,17375,15614
83900,83950,17011,13041,17389,15626
83950,84000,17024,13054,17403,15639
84000,84050,17036,13066,17417,15651
84050,84100,17049,13079,17431,15664
84100,84150,17061,13091,17445,15676
84150,84200,17074,13104,17459,15689
84200,84250,17086,13116,17473,15701
84250,84300,17099,13129,17487,15714
84300,84350,17111,13141,17501,15726
84350,84400,17124,13154,17515,15739
84400,84450,17136,13166,17529,15751
84450,84500,17149,13179,17543,15764
84500,84550,17161,13191,17557,15776
84550,84600,17174,13204,17571,15789
84600,84650,17186,13216,17585,15801
84650,84700,17199,13229,17599,15814
84700,84750,17211,13241,17613,15826
84750,84800,17224,13254,17627,15839
84800,84850,17236,13266,17641,15851
84850,84900,17249,13279,17655,15864
84900,84950,17261,13291,17669,15876
84950,85000,17274,13304,17683,15889
85000,85050,17286,13316,17697,15901
85050,85100,17299,13329,17711,15914
85100,85150,17311,13341,17725,15926
85150,85200,17324,13354,17739,15939
85200,85250,17336,13366,17753,15951
85250,85300,17349,13379,17767,15964
85300,85350,17361,13391,17781,15976
85350,85400,17374,13404,17795,15989
85400,85450,17386,13416,17809,16001
85450,85500,17399,13429,17823,16014
85500,85550,17411,13441,17837,16026
85550,85600,17424,13454,17851,16039
85600,85650,17436,13466,17865,16051
85650,85700,17450,13479,17879,16064
85700,85750,17464,13491,17893,16076
85750,85800,17478,13504,17907,16089
85800,85850,17492,13516,17921,16101
85850,85900,17506,13529,17935,16114
85900,85950,17520,13541,17949,16126
85950,86000,17534,13554,17963,16139
86000,86050,17548,13566,17977,16151
86050,86100,17562,13579,17991,16164
86100,86150,17576,13591,18005,16176
86150,86200,17590,13604,18019,16189
86200,86250,17604,13616,18033,16201
86250,86300,17618,13629,18047,16214
86300,86350,17632,13641,18061,16226
86350,86400,17646,13654,18075,16239
86400,86450,17660,13666,18089,16251
86450,86500,17674,13679,18103,16264
86500,86550,17688,13691,18117,16276
86550,86600,17702,13704,18131,16289
86600,86650,17716,13716,18145,16301
86650,86700,17730,13729,18159,16314
86700,86750,17744,13741,18173,16326
86750,86800,17758,13754,18187,16339
86800,86850,17772,13766,18201,16351
86850,86900,17786,13779,18215,16364
86900,86950,17800,13791,18229,16376
86950,87000,17814,13804,18243,16389
87000,87050,17828,13816,18257,16401
87050,87100,17842,13829,18271,16414
87100,87150,17856,13841,18285,16426
87150,87200,17870,13854,18299,16439
87200,87250,17884,13866,18313,16451
87250,87300,17898,13879,18327,16464
87300,87350,17912,13891,18341,16476
87350,87400,17926,13904,18355,16489
87400,87450,17940,13916,18369,16501
87450,87500,17954,13929,18383,16514
87500,87550,17968,13941,18397,16526
87550,87600,17982,13954,18411,16539
87600,87650,17996,13966,18425,16551
87650,87700,18010,13979,18439,16564
87700,87750,18024,13991,18453,16576
87750,87800,18038,14004,18467,16589
87800,87850,18052,14016,18481,16601
87850,87900,18066,14029,18495,16614
87900,87950,18080,14041,18509,16626
87950,88000,18094,14054,18523,16639
88000,88050,18108,14066,18537,16651
88050,88100,18122,14079,18551,16664
88100,88150,18136,14091,18565,16676
88150,88200,18150,14104,18579,16689
88200,88250,18164,14116,18593,16701
88250,88300,18178,14129,18607,16714
88300,88350,18192,14141,18621,16726
88350,88400,18206,14154,18635,16739
88400,88450,18220,14166,18649,16751
88450,88500,18234,14179,18663,16764
88500,88550,18248,14191,18677,16776
88550,88600,18262,14204,18691,16789
88600,88650,18276,14216,18705,16801
88650,88700,18290,14229,18719,16814
88700,88750,18304,14241,18733,16826
88750,88800,18318,14254,18747,16839
88800,88850,18332,14266,18761,16851
88850,88900,18346,14279,18775,16864
88900,88950,18360,14291,18789,16876
88950,89000,18374,14304,18803,16889
89000,89050,18388,14316,18817,16901
89050,89100,18402,14329,18831,16914
89100,89150,18416,14341,18845,16926
89150,89200,18430,14354,18859,16939
89200,89250,18444,14366,18873,16951
89250,89300,18458,14379,18887,16964
89300,89350,18472,14391,18901,16976
89350,89400,18486,14404,18915,16989
89400,89450,18500,14416,18929,17001
89450,89500,18514,14429,18943,17014
89500,89550,18528,14441,18957,17026
89550,89600,18542,14454,18971,17039
89600,89650,18556,14466,18985,17051
89650,89700,18570,14479,18999,17064
89700,89750,18584,14491,19013,17076
89750,89800,18598,14504,19027,17089
89800,89850,18612,14516,19041,17101
89850,89900,18626,14529,19055,17114
89900,89950,18640,14541,19069,17126
89950,90000,18654,14554,19083,17139
90000,90050,18668,14566,19097,17151
90050,90100,18682,14579,19111,17164
90100,90150,18696,14591,19125,17176
90150,90200,18710,14604,19139,17189
90200,90250,18724,14616,19153,17201
90250,90300,18738,14629,19167,17214
90300,90350,18752,14641,19181,17226
90350,90400,18766,14654,19195,17239
90400,90450,18780,14666,19209,17251
90450,90500,18794,14679,19223,17264
90500,90550,18808,14691,19237,17276
90550,90600,18822,14704,19251,17289
90600,90650,18836,14716,19265,17301
90650,90700,18850,14729,19279,17314
90700,90750,18864,14741,19293,17326
90750,90800,18878,14754,19307,17339
90800,90850,18892,14766,19321,17351
90850,90900,18906,14779,19335,17364
90900,90950,18920,14791,19349,17376
90950,91000,18934,14804,19363,17389
91000,91050,18948,14816,19377,17401
91050,91100,18962,14829,19391,17414
91100,91150,18976,14841,19405,17426
91150,91200,18990,14854,19419,17439
91200,91250,19004,14866,19433,17451
91250,91300,19018,14879,19447,17464
91300,91350,19032,14891,19461,17476
91350,91400,19046,14904,19475,17489
91400,91450,19060,14916,19489,17501
91450,91500,19074,14929,19503,17514
91500,91550,19088,14941,19517,17526
91550,91600,19102,14954,19531,17539
91600,91650,19116,14966,19545,17551
91650,91700,19130,14979,19559,17564
91700,91750,19144,14991,19573,17576
91750,91800,19158,15004,19587,17589
91800,91850,19172,15016,19601,17601
91850,91900,19186,15029,19615,17614
91900,91950,19200,15041,19629,17626
91950,92000,19214,15054,19643,17639
92000,92050,19228,15066,19657,17651
92050,92100,19242,15079,19671,17664
92100,92150,19256,15091,19685,17676
92150,92200,19270,15104,19699,17689
92200,92250,19284,15116,19713,17701
92250,92300,19298,15129,19727,17714
92300,92350,19312,15141,19741,17726
92350,92400,19326,15154,19755,17739
92400,92450,19340,15166,19769,17751
92450,92500,19354,15179,19783,17764
92500,92550,19368,15191,19797,17776
92550,92600,19382,15204,19811,17789
92600,92650,19396,15216,19825,17801
92650,92700,19410,15229,19839,17814
92700,92750,19424,15241,19853,17826
92750,92800,19438,15254,19867,17839
92800,92850,19452,15266,19881,17851
92850,92900,19466,15279,19895,17864
92900,92950,19480,15291,19909,17876
92950,93000,19494,15304,19923,17889
93000,93050,19508,15316,19937,17901
93050,93100,19522,15329,19951,17914
93100,93150,19536,15341,19965,17926
93150,93200,19550,15354,19979,17939
93200,93250,19564,15366,19993,17951
93250,93300,19578,15379,20007,17964
93300,93350,19592,15391,20021,17976
93350,93400,19606,15404,20035,17989
93400,93450,19620,15416,20049,18001
93450,93500,19634,15429,20063,18014
93500,93550,19648,15441,20077,18026
93550,93600,19662,15454,20091,18039
93600,93650,19676,15466,20105,18051
93650,93700,19690,15479,20119,18064
93700,93750,19704,15491,20133,18076
93750,93800,19718,15504,20147,18089
93800,93850,19732,15516,20161,18101
93850,93900,19746,15529,20175,18114
93900,93950,19760,15541,20189,18126
93950,94000,19774,15554,20203,18139
94000,94050,19788,15566,20217,18151
94050,94100,19802,15579,20231,18164
94100,94150,19816,15591,20245,18176
94150,94200,19830,15604,20259,18189
94200,94250,19844,15616,20273,18201
94250,94300,19858,15629,20287,18214
94300,94350,19872,15641,20301,18226
94350,94400,19886,15654,20315,18239
94400,94450,19900,15666,20329,18251
94450,94500,19914,15679,20343,18264
94500,94550,19928,15691,20357,18276
94550,94600,19942,15704,20371,18289
94600,94650,19956,15716,20385,18301
94650,94700,19970,15729,20399,18314
94700,94750,19984,15741,20413,18326
94750,94800,19998,15754,20427,18339
94800,94850,20012,15766,20441,18351
94850,94900,20026,15779,20455,18364
94900,94950,20040,15791,20469,18376
94950,95000,20054,15804,20483,18389
95000,95050,20068,15816,20497,18401
95050,95100,20082,15829,20511,18414
95100,95150,20096,15841,20525,18426
95150,95200,20110,15854,20539,18439
95200,95250,20124,15866,20553,18451
95250,95300,20138,15879,20567,18464
95300,95350,20152,15891,20581,18476
95350,95400,20166,15904,20595,18489
95400,95450,20180,15916,20609,18501
95450,95500,20194,15929,20623,18514
95500,95550,20208,15941,20637,18526
95550,95600,20222,15954,20651,18539
95600,95650,20236,15966,20665,18551
95650,95700,20250,15979,20679,18564
95700,95750,20264,15991,20693,18576
95750,95800,20278,16004,20707,18589
95800,95850,20292,16016,20721,18601
95850,95900,20306,16029,20735,18614
95900,95950,20320,16041,20749,18626
95950,96000,20334,16054,20763,18639
96000,96050,20348,16066,20777,18651
96050,96100,20362,16079,20791,18664
96100,96150,20376,16091,20805,18676
96150,96200,20390,16104,20819,18689
96200,96250,20404,16116,20833,18701
96250,96300,20418,16129,20847,18714
96300,96350,20432,16141,20861,18726
96350,96400,20446,16154,20875,18739
96400,96450,20460,16166,20889,18751
96450,96500,20474,16179,20903,18764
96500,96550,20488,16191,20917,18776
96550,96600,20502,16204,20931,18789
96600,96650,20516,16216,20945,18801
96650,96700,20530,16229,20959,18814
96700,96750,20544,16241,20973,18826
96750,96800,20558,16254,20987,18839
96800,96850,20572,16266,21001,18851
96850,96900,20586,16279,21015,18864
96900,96950,20600,16291,21029,18876
96950,97000,20614,16304,21043,18889
97000,97050,20628,16316,21057,18901
97050,97100,20642,16329,21071,18914
97100,97150,20656,16341,21085,18926
97150,97200,20670,16354,21099,18939
97200,97250,20684,16366,21113,18951
97250,97300,20698,16379,21127,18964
97300,97350,20712,16391,21141,18976
97350,97400,20726,16404,21155,18989
97400,97450,20740,16416,21169,19001
97450,97500,20754,16429,21183,19014
97500,97550,20768,16441,21197,19026
97550,97600,20782,16454,21211,19039
97600,97650,20796,16466,21225,19051
97650,97700,20810,16479,21239,19064
97700,97750,20824,16491,21253,19076
97750,97800,20838,16504,21267,19089
97800,97850,20852,16516,21281,19101
97850,97900,20866,16529,21295,19114
97900,97950,20880,16541,21309,19126
97950,98000,20894,16554,21323,19139
98000,98050,20908,16566,21337,19151
98050,98100,20922,16579,21351,19164
98100,98150,20936,16591,21365,19176
98150,98200,20950,16604,21379,19189
98200,98250,20964,16616,21393,19201
98250,98300,20978,16629,21407,19214
98300,98350,20992,16641,21421,19226
98350,98400,21006,16654,21435,19239
98400,98450,21020,16666,21449,19251
98450,98500,21034,16679,21463,19264
98500,98550,21048,16691,21477,19276
98550,98600,21062,16704,21491,19289
98600,98650,21076,16716,21505,19301
98650,98700,21090,16729,21519,19314
98700,98750,21104,16741,21533,19326
98750,98800,21118,16754,21547,19339
98800,98850,21132,16766,21561,19351
98850,98900,21146,16779,21575,19364
98900,98950,21160,16791,21589,19376
98950,99000,21174,16804,21603,19389
99000,99050,21188,16816,21617,19401
99050,99100,21202,16829,21631,19414
99100,99150,21216,16841,21645,19426
99150,99200,21230,16854,21659,19439
99200,99250,21244,16866,21673,19451
99250,99300,21258,16879,21687,19464
99300,99350,21272,16891,21701,19476
99350,99400,21286,16904,21715,19489
99400,99450,21300,16916,21729,19501
99450,99500,21314,16929,21743,19514
99500,99550,21328,16941,21757,19526
99550,99600,21342,16954,21771,19539
99600,99650,21356,16966,21785,19551
99650,99700,21370,16979,21799,19564
99700,99750,21384,16991,21813,19576
99750,99800,21398,17004,21827,19589
99800,99850,21412,17016,21841,19601
99850,99900,21426,17029,21855,19614
99900,99950,21440,17041,21869,19626
99950,100000,21454,17054,21883,19639
